first,second,name,owner,year
 서울 ,종로구,종로구 한강다목적운동장, 종로구 ,2013
 서울 ,중 구,"손기정체육공원
인조잔디축구장",중구 시설관리공단,2003
 서울 ,용산구,효창운동장,"체육시설
관리사업소",1960
 서울 ,용산구,"한강공원
이촌지구 축구장1",한강사업본부,1988
 서울 ,용산구,"한강공원
이촌지구 축구장2",한강사업본부,1991
 서울 ,용산구,"한강공원
이촌 축구교육장",한강사업본부,1997
 서울 ,성동구,"살곶이체육공원
축구장",성동구,미상
 서울 ,성동구,"중랑물재생센터
축구장",중랑물재생센터,2017
 서울 ,성동구,"뚝섬유수지 체육공원
축구장",성동구,2008
 서울 ,성동구,응봉축구장,성동구도시관리공단,2017
 서울 ,광진구,"어린이대공원
축구장","서울시
시설관리공단",2009
 서울 ,광진구,"아차산배수지체육공원
축구장",광진구,2007
 서울 ,광진구,"한강공원
뚝섬지구 축구장",한강사업본부,2009
 서울 ,중랑구,"중랑구립
잔디운동장","중랑구
시설관리공단",2002
 서울 ,중랑구,"용마폭포공원 
인조잔디 축구장","중랑구
시설관리공단",2007
 서울 ,중랑구,신내차량기지 축구장,"중랑구
시설관리공단",2017
 서울 ,성북구,월곡구민운동장,"성북구
도시관리공단",1993
 서울 ,성북구,월곡인조잔디축구장,"성북구
도시관리공단",2002
 서울 ,강북구,강북구민운동장,"강북구
도시관리공단",2000
 서울 ,도봉구,"초안산
인조잔디축구장",도봉구,2005
 서울 ,도봉구,다락원체육공원 축구장,"도봉구 
시설관리공단",2018
 서울 ,노원구,"마들근린공원
축구장","노원구
서비스공단",2008
 서울 ,노원구,"초안산근린공원
축구장","노원구
서비스공단","2001
(2007보수)"
 서울 ,노원구,"노해근린공원
축구장",노원구,1995
 서울 ,노원구,공릉배수지 축구장,"노원구
서비스공단",2009
 서울 ,은평구,은평구립축구장,"은평구
시설관리공단",2006
 서울 ,서대문구,"서대문구립
인조잔디 구장","서대문구
시설관리공단",2004
 서울 ,서대문구,서대문돌산 인조잔디구장,서대문구청,2013
 서울 ,마포구,"한강공원
망원지구 축구장",한강사업본부,1993
 서울 ,마포구,서울월드컵경기장,서울시설공단,2001
 서울 ,마포구,"서울월드컵경기장
보조경기장",서울시설공단,2001
 서울 ,마포구,"월드컵공원
인조잔디축구장",마포구,2005
 서울 ,"마포구
(고양인접)","난지물재생센터
축구장",난지물재생센터,2011
 서울 ,양천구,해누리 축구장,"양천구
시설관리공단",2013
 서울 ,양천구,해누리 축구장,"양천구
시설관리공단",2016
 서울 ,양천구,"안양천 A,B 축구장",양천구,1994~5
 서울 ,강서구,우장산 인조잔디구장,강서구,2006
 서울 ,강서구,"한강공원
강서지구 축구장",한강사업본부,2002
 서울 ,강서구,가양축구장,"강서구
시설관리공단",2015
 서울 ,강서구,강서 개화축구장,강서구,2010
 서울 ,강서구,서남물재생센터 축구장,(주)서남환경(민간위탁),2016
 서울 ,구로구,"고척근린공원
운동장",구로구,1989
 서울 ,구로구,안양천 A구장,구로구,1989
 서울 ,구로구,안양천 B구장,구로구,1989
 서울 ,구로구,안양천 C구장,구로구,2004
 서울 ,구로구,계남근린공원 축구장,구로구,2011
 서울 ,구로구,"고척 축구장
(고척스카이돔 부대시설)",서울시설공단,2015
 서울 ,금천구,"독산근린공원
잔디축구장","금천구
시설관리공단",2007
 서울 ,금천구,"서울 근로청소년복지관
인조잔디축구장","금천구
시설관리공단",2007
 서울 ,영등포구,"한강공원
양화지구 축구장",한강사업본부,1988
 서울 ,영등포구,영롱이 억새1구장,영등포구,1996
 서울 ,영등포구,영롱이 억새2구장,영등포구,2002
 서울 ,영등포구,영롱이 갈대1구장,영등포구,1996
 서울 ,영등포구,영롱이 갈대2구장,영등포구,1996
 서울 ,영등포구,영롱이 억새3구장,영등포구,2006
 서울 ,영등포구,영롱이 갈대3구장,영등포구,2006
 서울 ,영등포구,"대림체육공원
축구장",영등포구,1996
 서울 ,동작구,"보라매공원
인조구장","동부공원녹지사업소
(보라매공원관리사업소)",2006
 서울 ,관악구,관악구민운동장,관악구,2004
 서울 ,관악구,관악제2구민운동장,"관악구
(시설관리공단위탁)",2000
 서울 ,서초구,"양재근린공원
축구장",서초구,2005
 서울 ,서초구,"방배 배수지
축구장",서초구,2007
 서울 ,서초구,"반포종합운동장
축구장",서초구,2005
 서울 ,서초구,"한강공원
잠원지구 축구장",한강사업본부,2005
 서울 ,서초구,"한강공원
반포지구 축구장",한강사업본부,2009
 서울 ,강남구,"대치유수지 체육공원
축구장",강남구,2008
 서울 ,강남구,탄천물재생센터 축구장,㈜탄천환경(민간위탁),2013
 서울 ,송파구,"한강공원
광나루지구 축구장3",한강사업본부,1986
 서울 ,송파구,송파구여성축구장,송파구,2010
 서울 ,송파구,천마공원 축구장,송파구,2006
 서울 ,강동구,"한강공원
광나루지구 축구장1~2",한강사업본부,1993
 서울 ,강동구,성내유수지 축구장,"강동구
(강동구축구연합회 위탁)",2016
 서울 ,강동구,동명근린공원 인조잔디축구장,강동구 도시관리공단,2003
 부산 ,해운대구,센텀운동장,해운대구,2008
 부산 ,강서구,"강서체육공원
축구연습장",체육시설관리사업소,2002
 부산 ,영도구,마린축구장,영도구,2008
 부산 ,영도구,"복합문화공원
축구장",영도구,2007
 부산 ,남구,"백운포체육공원 
축구장",남구,"2001
2001
2010"
 부산 ,남구,남부환경공원 축구장,"부산환경공단
남부사업소",1997
 부산 ,금정구,선동잔디구장,금정구,2006
 부산 ,금정구,"노포동 차량기지창
축구장",부산교통공사,1985
 부산 ,금정구,"부산지방공단 스포원 
축구장",부산지방공단 스포원,2009
 부산 ,금정구,오륜동인조잔디구장,금정구,2011
 부산 ,금정구,구민운동장,금정구,2012
 부산 ,해운대구,장산공원 운동장,해운대구,
 부산 ,동래구,수영환경공원 축구장,"부산환경공단
수영사업소",1998
 부산 ,북구 ,"화명운동장(A,B)",낙동강관리본부,2006
 부산 ,북구,"화명생태공원
축구장",낙동강관리본부,2010
 부산 ,사상구,"삼락생태공원
축구장(다목적)",낙동강관리본부,2006
 부산 ,사상구,"삼락생태공원
축구장",낙동강관리본부,2006
 부산 ,사상구,"삼락생태공원
축구장(A,B구장)",낙동강관리본부,1997
 부산 ,사상구,"삼락생태공원
축구장(C,D구장)",낙동강관리본부,1997
 부산 ,사상구,위생환경공단축구장,부산한경공단위생사업소,2007
 부산 ,강서구,"맥도생태공원
축구장",낙동강관리본부,2006
 부산 ,강서구,"대저생태공원
축구장",낙동강관리본부,
 부산 ,강서구,"대저 차량기지창
축구장",부산교통공사,
 부산 ,강서구,명지다목적 인조잔디운동장,강서구,2012
 부산 ,강서구,화전공원 인조잔디운동장,강서구,2007
 부산 ,강서구,구량공원 인조잔디운동장,강서구,2014
 부산 ,강서구,신호공원 인조잔디운동장,강서구,2012
 부산 ,사하구,을숙도인조잔디 축구장,사하구,2010
 부산 ,사하구,신평레포츠공원 축구장,사하구,1994
 부산 ,사하구,강변환경공원 축구장,"부산환경공단
 강변사업소",2010
 부산 ,기장군,월드컵빌리지,기장군도시관리공단,2012
 부산 ,기장군,철마체육시설 축구장,기장군도시관리공단,2008
 부산 ,기장군,정관체육시설 축구장,기장군도시관리공단,2007
 부산 ,부산진구,황령산레포츠공원대운동장,부산진구,2008
 대구 ,동구,박주영 축구장,"동구
(위탁:동구생활체육회)",2010
 대구 ,서 구,"이현공원
다목적운동장",서구,1995
 대구 ,서 구,"북부하수처리장
축구장","대구환경공단
(북부사업소)",2001
 대구 ,서구,비산강변축구장,"체육시설관리사무소
(위탁:대구시체육회)",2016
 대구 ,북구,강변축구장,체육시설관리사무소,2000
 대구 ,북구,신천유소년축구장,"대구환경공단
(신천사업소)",2001
 대구 ,북구,"시민운동장
다목적 유소년 축구장","체육시설관리사무소
(위탁:대구FC)",2016
 대구 ,북구,"연암공원
축구장",북구,2006
 대구 ,북구,산격축구장,체육시설관리사무소,2013
 대구 ,북구,옻골축구장,북구,2017
 대구 ,수성구,수성구민운동장,수성구,1993
 대구 ,수성구,"고산정수사업소
운동장",고산정수사업소,2000
 대구 ,달서구,"호림강나루공원
축구장",달서구,2001
 대구 ,달서구,월배축구장,(사)달서구체육회,2016
 대구 ,달서구,"성서이곡운동장
축구장",대구시체육회,2007
 대구 ,달서구,"성서산업단지 체육시설 내 
축구장",성서산업단지관리공단,2015
 대구 ,달성군,"매곡정수사업소
축구장",매곡정수사업소,2000
 대구 ,달성군,달성군민운동장,달성군시설관리공단,1985
 대구 ,달성군,하빈 면민운동장,달성군,2006
 대구 ,달성군,논공축구장,달성군시설관리공단,2008
 대구 ,달성군,"다사체육공원
축구장",달성군시설관리공단,2010
 대구 ,달성군,"가창체육공원
축구장",달성군시설관리공단,2010
 대구 ,달성군,화원유원지 강변축구장,달성군,1994
 대구 ,달성군,다사축구장,달성군시설관리공단,2009
 대구 ,달성군,"화원명곡체육공원 
다목적운동장",달성군시설관리공단,2014
 대구 ,달성군,"달성종합스포츠파크 
보조경기장",달성군시설관리공단,2014
 대구 ,달성군,하빈지구 강변축구장,달성군시설관리공단,2012
 대구 ,달성군,환경자원사업소 축구장,환경자원사업소,2010
 대구 ,달성군,산업단지1호공원,달성군,2007
 인천 ,남동구,인천장수구장,인천대공원사업소,1986
 인천 ,남동구,"구월근린공원
인조잔디축구장",남동구도시관리공단,2005
 인천 ,남동구,"남동공단근린공원
인조잔디축구장",남동구도시관리공단,2008
 인천 ,남동구,"늘솔길근린공원
인조잔디구장",남동구도시관리공단,2012
 인천 ,남동구,소래샛길체육시설,남동구도시관리공단,2017
 인천 ,중구,중구국민체육센터 축구장,중구 시설관리공단,2012
 인천 ,중구,영종영마루공원 축구장,중구,2007
 인천 ,중구,인천축구전용경기장,㈜인천유나이티드,2012
 인천 ,중구,월미구장(다목적운동장),월미공원사업소,2010
 인천 ,동구,동구구민운동장,동구,2007
 인천 ,계양구,계산구장,계양구,1985
 인천 ,강화군,길상공설운동장,강화군,2006
 인천 ,강화군,강화공설운동장,강화군,2013
 인천 ,강화군,양도공설운동장,강화군,2014
 인천 ,서구,"서곶근린공원
인조잔디축구장",시설관리공단,2004
 인천 ,서구,"검단4호공원
축구장",시설관리공단,2009
 인천 ,부평구,"인천삼산월드체육관
축구장","인천광역시
시설관리공단",2006
 인천 ,부평구,신트리공원 인조잔디축구장,부평구시설관리공단,2016
 인천 ,부평구,백운공원 인조잔디축구장,부평구시설관리공단,2009
 인천 ,옹진군,북도면 종합운동장,옹진군,2009
 인천 ,옹진군,연평면 종합운동장,옹진군,2010
 인천 ,옹진군,백령면 종합운동장,옹진군,2010
 인천 ,옹진군,덕적면 종합운동장,옹진군,2010
 인천 ,옹진군,영흥면 종합운동장,옹진군,2013
 인천 ,옹진군,대청면 종합운동장,옹진군,2013
 인천 ,연수구,"용담공원
축구장",연수구,2008
 인천 ,연수구,"송도LNG종합스포츠타운
축구장","위탁
(인천시체육회)",2010
 인천 ,연수구,승기잔디구장,"위탁
(㈜인천유나이티드)",2006
 광주 , 동구,"용산생활체육시설
인조잔디구장",동구,2006
 광주 ,서구,"상무시민공원
종합운동장",서구,1997
 광주 ,서구,"덕흥동 영산강둔치
축구장","위탁
(서구생활체육협의회)",2009
 광주 ,서구,풍암생활체육공원 축구장,서구,2005
 광주 ,서구,"영산강둔치
축구장","위탁
(서구생활체육협의회)",2001
 광주 ,서구,서창동 축구장,서구,2018
 광주 ,북구,"일곡근린공원
인조잔디구장",북구,2005
 광주 ,북구,"문화근린공원
인조잔디구장",북구,2007
 광주 ,북구,"산동교 친수지구
축구장",북구,2009
 광주 ,북구,"첨단체육공원
축구장",북구,1998
 광주 ,북구,"북구종합운동장
축구장",북구,2014
 광주 ,광산구,"광주 지방공무원 교육원
축구장","광주광역시
지방공무원교육원",2004
 광주 ,광산구,"풍영 체육시설단지
축구장","위탁
(광산구시설관리공단)",2010
 광주 ,광산구,"하남공원
인조잔디 축구장","위탁
(광산구시설관리공단)",2010
 광주 ,광산구,"첨단종합운동장
축구장","위탁
(광산구시설관리공단)",2003
 광주 ,광산구,송정1교구장,광산구시설관리공단,2001
 광주 ,광산구,용동공원 인조잔디 축구장,"위탁
(광산구시설관리공단)",2010
 광주 ,광산구,안청공원 인조잔디 축구장,"위탁
(광산구시설관리공단)",2013
 광주 ,광산구,쌍암공원 인조잔디 축구장,"위탁
(광산구시설관리공단)",2013
 광주 ,광산구,운남체육시설단지 축구장,"위탁
(광산구시설관리공단)",2014
 광주 ,광산구,보라매축구공원,"위탁
(광주시체육회)",2015
 광주 ,광산구,하남스포츠파크 축구장,"위탁
(광산구시설관리공단)",2015
 대전 ,중구 ,사정축구장,공원관리사업소,1982
 대전 ,중구 ,중구체육복지센터,중구,2015
 대전 ,서구,"갈마공원
축구장",서구청,1991
 대전 ,서구,월평축구장,상수도사업본부,2007
 대전 ,서구,"관저체육공원
운동장",서구 체육회,2010
 대전 ,서구,옥녀봉체육공원 축구장,"위탁 
(서구체육회)",2012
 대전 ,유성구,대전월드컵경기장,시설관리공단,2001
 대전 ,유성구,"대전월드컵경기장
보조경기장",시설관리공단,2001
 대전 ,유성구,교육원축구장,공무원교육원,2007
 대전 ,대덕구,신탄신축구장,상수도사업본부,2007
 대전 ,대덕구,"을미기공원
축구장","위탁
((사)대덕스포츠클럽)",2007
 대전 ,대덕구,송촌축구장,상수도사업본부,2007
 대전 ,대덕구,덕암축구센터,시설관리공단,2014
 울산 ,중구,함월구민운동장, 중구 ,2011
 울산 ,중구,"태화 십리대밭
축구장",중구,2011
 울산 ,남구,문수축구경기장,시설관리공단,2001
 울산 ,남구,"문수축구경기장
보조경기장",시설관리공단,2001
 울산 ,남구,"선암수변공원
축구장",남구도시관리공단,2009
 울산 ,남구,"성암근린공원
축구장",남구,2010
 울산 ,남구,장생포다목적구장,남구도시관리공단,2011
 울산 ,동구,서부시민운동장,"위탁
(현대중공업)",1996
 울산 ,동구,히딩크 드림필드 구장,동구,2010
 울산 ,북구,"농소운동장
축구장",북구,2002
 울산 ,북구,"양정생활체육공원
축구장",북구,2005
 울산 ,북구,"효문운동장
축구장",북구,2006
 울산 ,북구,염포운동장, 북구 ,2018
 울산 ,북구,달천운동장,북구,2010
 울산 ,울주군,온산운동장,울주군 시설관리공단,2002
 울산 ,울주군,"범서생활체육공원
축구장",울주군 시설관리공단,2006
 울산 ,울주군,"서생체육공원
축구장",울주군 시설관리공단,2004
 울산 ,울주군,"두서화랑체육공원
축구장",울주군 시설관리공단,2007
 울산 ,울주군,"간절곶 스포츠파크
축구장",울주군 시설관리공단,2007
 울산 ,울주군,"굴화수질개선사업소
축구장",굴화수질개선사업소,2012
 울산 ,울주군,"온양체육공원
축구장",울주군 시설관리공단,2009
 울산 ,울주군,상북운동장,울주군 시설관리공단,2009
 울산 ,울주군,"대암체육공원
축구장",울주군 시설관리공단,2010
 울산 ,울주군,웅촌운동장,울주군 시설관리공단,2010
 울산 ,울주군,삼동면민운동장,울주군 시설관리공단,2011
 울산 ,울주군,청량운동장,울주군 시설관리공단,2011
 세종 ,세종시,"조치원체육공원
축구장",세종시시설관리사업소,2004
 세종 ,세종시,"전의 생활체육공원
축구장",세종시시설관리사업소,2006
 세종 ,세종시,한솔동 축구장,세종시시설관리사업소,2013
 세종 ,세종시,"가람동 수질복원센터내
축구장",세종시시설관리사업소,2013
 세종 ,세종시,부강생활체육공원 축구장,세종시시설관리사업소,2016
 세종 ,세종시,금강(1단계) 스포츠공원,세종시시설관리사업소,2017
 세종 ,세종시,다정동 저류지 축구장,세종시시설관리사업소,2018
 경기 ,경기도,팀업캠퍼스 축구장,"민간위탁
(SCG스포츠아카데미)",2018
 경기 ,수원시,"수원월드컵경기장
주경기장","월드컵경기장
관리재단",2002
 경기 ,수원시,"수원월드컵경기장
보조경기장(천연잔디)","월드컵경기장
관리재단",2002
 경기 ,수원시,"수원월드컵경기장
연습경기장(한국잔디)","월드컵경기장
관리재단",2002
 경기 ,수원시,"수원월드컵경기장
인조1경기장","월드컵경기장
관리재단",2003
 경기 ,수원시,"수원월드컵경기장
인조2경기장","월드컵경기장
관리재단",2004
 경기 ,수원시,"수원종합운동장
보조구장","위탁
(수원도시공사)",2000
 경기 ,수원시,"만석
인조잔디구장","위  탁
(수원시체육회)",2004
 경기 ,수원시,"여기산
인조잔디구장","위  탁
(수원시체육회)",2004
 경기 ,수원시,"지방산업단지
인조잔디구장","위  탁
(수원산업단지 관리공단)",2005
 경기 ,수원시,"영흥
인조잔디구장","위  탁
(수원시체육회)",2006
 경기 ,수원시,"화산체육공원
축구장","위탁
(수원도시공사)",2005
 경기 ,수원시,"매탄
인조잔디구장","위  탁
(수원시체육회)",2010
 경기 ,고양시,"백석공원 근린공원
축구장",고양도시관리공사,1994
 경기 ,고양시,"중산2호 근린공원
축구장",고양도시관리공사,1996
 경기 ,고양시,"고양동운동장
축구장","고양시
(덕양구)",2001
 경기 ,고양시,"대화레포츠공원
축구장",고양도시관리공사,2002
 경기 ,고양시,"충장체육시설
축구장",고양도시관리공사,2002
 경기 ,고양시,"지영동생활체육시설
축구장",고양도시관리공사,2010
 경기 ,고양시,원능하수처리장축구장,"고양시
하수행정과",2012
 경기 ,고양시,어울림축구장,고양도시관리공사,2004
 경기 ,고양시,고양종합운동장 축구장,고양도시관리공사,2003
 경기 ,고양시,고양종합운동 보조구장,고양도시관리공사,2003
 경기 ,고양시,동산(창릉동)축구장,"고양시
(덕양구)",1986
 경기 ,고양시,정발산공원축구장,"고양시
(체육진흥과)",1996
 경기 ,고양시,강촌공원축구장,"고양시
(체육진흥과)",1996
 경기 ,고양시,지도공원축구장,"고양시
(체육진흥과)",1996
 경기 ,고양시,신원축구장,고양도시관리공사,2012
 경기 ,용인시,용인시축구센터,"(재)용인시
축구센터",2004
 경기 ,용인시,수지레스피아 축구장,용인도시공사,2009
 경기 ,용인시,모현레스피아 축구장,용인시체육회,2010
 경기 ,용인시,수지체육공원 축구장,용인시체육회,2006
 경기 ,용인시,기흥레스피아 축구장,용인시체육회,2012
 경기 ,용인시,상현레스피아 축구장,용인시체육회,2014
 경기 ,성남시,상대원 유소년 축구장,성남도시개발공사,2018
 경기 ,성남시,"성남종합운동장
보조경기장 인조잔디구장",성남도시개발공사,2008
 경기 ,성남시,"황송공원
인조잔디구장",성남도시개발공사,2008
 경기 ,성남시,"탄천변 제1체육공원
인조잔디 축구장",성남도시개발공사,2011
 경기 ,부천시,"북부수자원생태공원내
인조잔디구장","위탁
(㈜하이엔텍)",2005
 경기 ,부천시,"오정대공원
인조잔디구장",부천도시공사,2009
 경기 ,부천시,"종합운동장
보조구장",부천도시공사,2001
 경기 ,부천시,"부천체육관
인조잔디구장",부천도시공사,2007
 경기 ,부천시,"옥길지구 근린공원2호 
인조잔디구장",부천도시공사,2016
 경기 ,부천시,소사2배수지 축구장,부천도시공사,1992
 경기 ,부천시,역곡공원 인조잔디구장,부천시체육회,2017
 경기 ,안산시,원시운동장,"위탁
(안산도시공사)",1987
 경기 ,안산시,시낭운동장,"위탁
(안산도시공사)",1989
 경기 ,안산시,성호운동장,"위탁
(안산도시공사)",2008
 경기 ,안산시,와동축구장,"위탁
(안산도시공사)",2004
 경기 ,안산시,풍경운동장,"위탁
(안산도시공사)",2004
 경기 ,안산시,"호수공원
축구장","위탁
(안산도시공사)",2005
 경기 ,안산시,해양축구장,"위탁
(안산도시공사)","2011

2014"
 경기 ,안산시,"와 스타디움
보조구장","위탁
(안산도시공사)",2006
 경기 ,안산시,능길운동장,"위탁
(안산도시공사)",1995
 경기 ,안산시,석수운동장,"위탁
(안산도시공사)",1991
 경기 ,안산시,유소년 축구장,"위탁
(안산도시공사)",2016
 경기 ,안산시,장화운동장,"위탁
(안산도시공사)",
 경기 ,안산시,수암꿈나무축구장,"위탁
(안산도시공사)",2017
 경기 ,안산시,호수운동장,"위탁
(안산도시공사)",2018
 경기 ,화성시,비봉인조잔디축구장,화성도시공사,2006
 경기 ,화성시,"쌍봉산근린공원
인조잔디구장",화성도시공사,2007
 경기 ,화성시,"동탄2 수질복원센터 상부
인조잔디구장",화성도시공사,2015
 경기 ,화성시,"동탄1호체육공원
축구장",화성도시공사,2016
 경기 ,화성시,"동학산공원
축구장",화성도시공사,2014
 경기 ,화성시,"향남2 화합공원
축구장",화성도시공사,2017
 경기 ,화성시,"매송안보테마공원
축구장",화성도시공사,2013
 경기 ,화성시,"화성시 가축분뇨공공처리시설
축구장",화성도시공사,2012
 경기 ,화성시,"송산체육시설
축구장",화성도시공사,2017
 경기 ,화성시,"전곡해양일반산업(1호공원)
축구장",화성도시공사,2015
 경기 ,화성시,"정남 용수교 둔치
축구장",화성도시공사,2014
 경기 ,화성시,하길근린공원 축구장,화성도시공사,2005
 경기 ,화성시,도원체육공원 축구장,화성도시공사,2009
 경기 ,화성시,화성시청 축구장,화성시,2000
 경기 ,화성시,매송체육공원 축구장,화성도시공사,2015
 경기 ,화성시,마도근린공원 축구장,화성도시공사,2005
 경기 ,화성시,한화바이오밸리 축구장,화성시,2017
 경기 ,화성시,"장안2첨단산업단지 2호공원
축구장",화성도시공사,2009
 경기 ,화성시,장안남산체육공원 축구장,화성도시공사,2017
 경기 ,화성시,동탄2 제3호체육공원 축구장,화성도시공사,2014
 경기 ,화성시,다람산근린공원 축구장,화성도시공사,2008
 경기 ,화성시,동탄센트럴파크 축구장,화성도시공사,2008
 경기 ,화성시,예당임시체육시설 축구장,화성시,2008
 경기 ,화성시,큰재봉공원 축구장,화성도시공사,2008
 경기 ,화성시,동학산체육공원(11호) 축구장,화성도시공사,2014
 경기 ,화성시,인곡1저류지 축구장,화성도시공사,2017
 경기 ,화성시,"동탄2 제8호공원 체육공원
축구장",화성도시공사,2015
 경기 ,남양주시,"종합운동장
인조잔디구장",남양주도시공사,2007
 경기 ,남양주시,"수동면
축구장",남양주시,2008
 경기 ,남양주시,부평리 인조잔디구장,남양주시,2010
 경기 ,남양주시,"내곡리 생활체육공원
인조잔디구장",남양주시,2011
 경기 ,남양주시,"진건하수처리장
인조잔디구장",남양주시,2010
 경기 ,남양주시,"에코랜드
인조잔디구장","위탁
(남양주도시공사)",2011
 경기 ,남양주시,오남체육공원 축구장,"위탁
(남양주도시공사)",2012
 경기 ,남양주시,"진접 장현생활체육시설
인조잔디축구장",남양주시,2012
 경기 ,남양주시,북한강 체육공원 축구장,남양주시,2013
 경기 ,남양주시,별내동 축구장,남양주시,2015
 경기 ,남양주시,약대울 체육시설 축구장,남양주시,2016
 경기 ,남양주시,와부읍 운동장,남양주시,2017
 경기 ,남양주시,진접읍 운동장,남양주시,2016
 경기 ,남양주시,차산리 생활체육시설,남양주시,2004
 경기 ,남양주시,금남리 생활체육시설,남양주시,2013
 경기 ,남양주시,용정리 생활체육시설, 남양주시 ,2005
 경기 ,남양주시,먹골저수지 체육시설, 남양주시 ,2015
 경기 ,안양시,종합운동장 축구장, 시설관리공단 ,1986
 경기 ,안양시,"석수체육공원
축구장", 시설관리공단 ,2006
 경기 ,안양시,"자유공원
축구장", 안양시 ,2006
 경기 ,안양시,비산체육공원 축구장, 시설관리공단 ,2017
 경기 ,안양시,안양새물공원 축구장, 시설관리공단 ,2018
 경기 ,안양시,서조체육시설 다목적구장,시설관리공단,2018
 경기 ,평택시,"이충레포츠공원
축구장",평택시,2001
 경기 ,평택시,"이충레포츠공원
축구장",평택시,2015
 경기 ,평택시,"신대레포츠공원
축구장",평택시,2002
 경기 ,평택시,"소사벌레포츠타운
축구장",평택시 ,2004
 경기 ,평택시,"팽성레포츠공원
축구장",평택시 ,2005
 경기 ,평택시,"안중레포츠공원
축구장",평택시,2015
 경기 ,평택시,"여술근린공원
축구장",평택시,1998
 경기 ,평택시,진위공공하수처리장 축구장,평택시,2016
 경기 ,평택시,"서탄 진위천 체육시설
축구장",평택시,2008
 경기 ,평택시,안성천축구장,평택시,2013
 경기 ,평택시,"포승레포츠공원
축구장",평택시,2018
 경기 ,의정부시,곤제축구장,시설관리공단,2006
 경기 ,의정부시,직동축구장,시설관리공단,2008
 경기 ,의정부시,활기축구장,시설관리공단,2016
 경기 ,파주시,내포리체육공원 축구장,파주시,2003
 경기 ,파주시,금촌체육공원 축구장,파주시,1997
 경기 ,파주시,적성체육공원 축구장,파주시,1995
 경기 ,파주시,광탄체육공원 축구장,파주시,1997
 경기 ,파주시,파평체육공원 축구장,파주시,2005
 경기 ,파주시,문산체육공원 축구장,파주시,2006
 경기 ,파주시,파주스타디움 보조구장,파주시,2006
 경기 ,파주시,파주스타디움 주경기장,파주시,2004
 경기 ,파주시,월롱체육공원 축구장,파주시,1997
 경기 ,파주시,향양리체육공원 축구장,파주시,2008
 경기 ,파주시,"교하체육공원 축구장(1,2구장)",파주시,2009
 경기 ,파주시,"축구국가대표
트레이닝센터",대한축구협회,2003
 경기 ,파주시,"운정체육공원 축구장(1,2구장)",파주시,2009
 경기 ,파주시,운정건강공원 축구장,파주시,2014
 경기 ,파주시,법원체육공원 축구장,파주시,2015
 경기 ,파주시,조리체육공원 축구장,파주시,2017
 경기 ,시흥시,정왕동 체육공원,시흥시 시설관리공단,2007
 경기 ,시흥시,"포동생활체육공원
시민운동장",시흥시,2004
 경기 ,시흥시,"옥구공원
인조잔디구장",시흥시,2004
 경기 ,시흥시,"희망공원
인조잔디 및 클레이구장",시흥시,2010
 경기 ,시흥시,신천동 축구장,시흥시,2014
 경기 ,시흥시,"시화mtv체육공원(48호)
인조잔디구장",시흥시시설관리공단,2017
 경기 ,시흥시,조남동간이축구장,시흥시,2016
 경기 ,김포시,솔터축구장,"위탁
(김포시시설관리공단)",2014
 경기 ,김포시,걸포다목적구장,"위탁
(김포시시설관리공단)",2007
 경기 ,광명시,시민운동장,광명문화재단,1986
 경기 ,광명시,"노온정수장
다목적운동장",광명도시공사,2010
 경기 ,광주시,"광남생활체육공원
축구장","광주시
(광남동사무소)",2011
 경기 ,광주시,"도척그린공원
축구장","광주시
(도척면사무소)",2013
 경기 ,광주시,공설운동장 축구장,광주시,1987
 경기 ,광주시,"초월생활체육공원
축구장","광주시
(초월읍사무소)",2016
 경기 ,광주시,"곤지암생활체육공원 
축구장","광주시
(곤지암읍사무소)",2016
 경기 ,이천시,공설운동장,이천시,2002
 경기 ,이천시,"이천 종합운동장
보조구장",이천시,2008
 경기 ,이천시,"이천스포츠센터
축구장","위탁
(코오롱스포렉스)",2008
 경기 ,이천시,설성면 체육공원 축구장,이천시,2011
 경기 ,이천시,신둔면 체육공원 축구장,이천시,2011
 경기 ,이천시,대월면 체육공원 축구장,이천시,2012
 경기 ,이천시,모가면 체육공원 축구장,이천시,2010
 경기 ,이천시,호법면 체육공원 축구장,이천시,2004
 경기 ,이천시,율면 체육공원 축구장,이천시,2009
 경기 ,이천시,마장면 체육공원 축구장,이천시,2013
 경기 ,이천시,백사면 체육공원 축구장,이천시,2007
 경기 ,이천시,이천훈련원 대운동장,대한장애인체육회,
 경기 ,이천시,이천훈련원 뇌성축구장,대한장애인체육회,2015
 경기 ,이천시,이천훈련원 시각축구장,대한장애인체육회,2015
 경기 ,이천시,복하천 체육공원 축구장,이천시,2015
 경기 ,이천시,부발읍 체육공원 축구장,이천시,2016
 경기 ,이천시,청미천축구장,이천시,2018
 경기 ,오산시,"오산스포츠센터
보조축구장",시설관리공단,2010
 경기 ,오산시,"오산죽미체육공원 
다목적구장",시설관리공단,2011
 경기 ,하남시,"미사리근린공원
(조정경기장내)","위탁 
(한국체육산업개발)","1997
(2009)"
 경기 ,하남시,"종합운동장
보조경기장",하남도시공사,2011
 경기 ,하남시,선동둔치 체육시설,하남도시공사,2011
 경기 ,양주시,고덕생활체육공원, 양주시설관리공단 ,2004
 경기 ,양주시,신천생활체육공원 축구장,양주시설관리공단,2006
 경기 ,양주시,장흥생활체육공원 축구장,양주시설관리공단,2008
 경기 ,양주시,고읍축구장,양주시설관리공단,2009
 경기 ,양주시,광적생활체육공원 축구장,양주시설관리공단,2011
 경기 ,양주시,에코스포츠 센터 축구장,양주시설관리공단,2010
 경기 ,양주시,청소년 수련관 축구장,양주시설관리공단,2004
 경기 ,양주시,백석생활체육공원 축구장,양주시설관리공단,2013
 경기 ,양주시,옥정체육공원 축구장,양주시설관리공단,2017
 경기 ,구리시,구리왕숙체육공원,구리도시공사,2009
 경기 ,구리시,"주민편익시설
축구장",구리시체육회,2002
 경기 ,안성시,"대림동산
축구장","위탁
(공도읍체육회)",2003
 경기 ,안성시,안성맞춤A구장,시설관리공단,2005
 경기 ,안성시,"동부지역
축구장","위탁
(삼죽면체육회)",2009
 경기 ,안성시,"일죽 하수처리시설 내 
축구장","위탁
(일죽면체육회)",2012
 경기 ,안성시,"죽산 하수처리시설 내 
축구장","위탁
(죽산면체육회)",2012
 경기 ,안성시,안성맞춤B구장,시설관리공단,2014
 경기 ,안성시,안성맞춤C구장,"위탁
(미양면)",2018
 경기 ,포천시,"소흘읍 생활체육공원
축구장",시설관리공단,2009
 경기 ,포천시,"포천시 자원회수시설 내
축구장",시설관리공단,2009
 경기 ,포천시,"일동 하수처리시설 내 
축구장", 포천시                      (상하수과) ,2010
 경기 ,포천시,관인 하수처리시설 내 축구장, 포천시                      (상하수과) ,2011
 경기 ,포천시,"영북 하수처리시설 내 
축구장",포천시                      (상하수과),2004
 경기 ,포천시, 설운체육공원 내 축구장,포천시                      (환경관리과),2004
 경기 ,포천시,포천축구공원,포천시                      (문화체육과),2015
 경기 ,포천시,포천종합운동장 보조구장,시설관리공단,2015
 경기 ,포천시,화현면 축구장,화현면,2003
 경기 ,의왕시,"내손체육공원
축구장", 의왕도시공사 ,1986
 경기 ,의왕시,"고천체육공원
축구장", 의왕도시공사 ,1993
 경기 ,의왕시,"부곡체육공원
축구장",의왕도시공사,2003
 경기 ,여주시,"능서레포츠공원
축구장",여주시,2005
 경기 ,여주시,"금사체육공원
축구장",여주시,2005
 경기 ,여주시,"흥천체육공원
축구장",여주시,2006
 경기 ,여주시,"가남체육공원
축구장",여주시,2003
 경기 ,여주시,"북내체육공원
축구장",여주시,2007
 경기 ,여주시,"강천체육공원
축구장",여주시,2008
 경기 ,여주시,"점동테마공원
축구장",여주시,2009
 경기 ,여주시,"대신체육공원
축구장",여주시,2010
 경기 ,여주시,"오학체육공원
축구장",여주시,2011
 경기 ,여주시,"산북체육공원
축구장",여주시,2011
 경기 ,여주시,여주종합운동장,시설관리공단,1990
 경기 ,양평군,"강상체육공원
축구장",양평군,2009
 경기 ,양평군,"강하체육공원
축구장",양평군,1998
 경기 ,양평군,"강하생활체육공원
축구장",양평군,2011
 경기 ,양평군,"양서레포츠공원
축구장",양평군,2001
 경기 ,양평군,"옥천레포츠공원
축구장",양평군,1999
 경기 ,양평군,"서종체육공원
축구장",양평군,2001
 경기 ,양평군,"단월레포츠공원
축구장",양평군,2004
 경기 ,양평군,"청운레포츠공원
축구장",양평군,1998
 경기 ,양평군,"양동레포츠공원
축구장",양평군,1996
 경기 ,양평군,"지평레포츠공원
축구장",양평군,2013
 경기 ,양평군,"용문생활체육공원
축구장",양평군,2009
 경기 ,양평군,"개군레포츠공원
축구장",양평군,1998
 경기 ,양평군,"양평생활체육공원
축구장",양평군,2009
 경기 ,양평군,"양평 안보테마공원
축구장",양평군,2012
 경기 ,양평군,양평종합운동장 축구장,양평군,2018
 경기 ,양평군,양평종합운동장 보조구장,양평군,2018
 경기 ,동두천시,"종합운동장
보조구장",동두천시,2001
 경기 ,동두천시,"소요생활체육공원
축구장",동두천시,2008
 경기 ,과천시," 문원체육공원
축구장","과천시
시설관리공단",2005
 경기 ,가평군,"조종생활체육공원
축구장",시설관리공단,2009
 경기 ,가평군,축구전용구장,시설관리공단,2011
 경기 ,가평군,상면다목적 체육공원,가평군,2012
 경기 ,가평군,설악생활체육공원,설악면사무소,2013
 경기 ,연천군,"연천 공설운동장
보조경기장",시설관리공단,
 경기 ,연천군,"한탄강 생활체육공원
축구장",시설관리공단,2007
강원,춘천시,거두리인조잔디구장,춘천도시공사,2009
강원,춘천시,공지천 인조잔디구장,춘천도시공사,"2003
2005"
강원,원주시,"시민공원내
인조잔디축구장",원주시,2006
강원,원주시,"무실체육공원
인조잔디구장",원주시,2012
강원,원주시,"하수종말처리장 생활체육시설
인조잔디구장",원주시,2014
강원,강릉시,강릉월드구장,"문화체육시설
관리사업소",2001
강원,강릉시,강남축구공원,"문화체육시설
관리사업소",2010
강원,동해시,"종합경기장
보조경기장", 시설관리공단 ,"2003
2006"
강원,동해시,전용구장, 시설관리공단 ,2013
강원,태백시,인조잔디 고원1구장, 태백시 ,2003
강원,태백시,인조잔디 고원2구장, 태백시 ,2003
강원,태백시,인조잔디 고원3구장, 태백시 ,2007
강원,태백시,고원4구장, 태백시 ,2016
강원,태백시,태백종합경기장, 태백시 ,1992
강원,태백시,태백스포츠파크 축구장, 태백시 ,2017
강원,태백시,365세이프타운 축구장, 태백시 ,2017
강원,속초시,인조잔디 축구장," 위탁
(속초시축구협회) ",2005
강원,속초시,인조잔디 축구장," 위탁
(속초시축구협회) ",2007
강원,삼척시,"도계공설운동장
보조경기장", 삼척시 ,2007
강원,삼척시,삼척종합운동장,삼척시,1984
강원,삼척시,도계공설운동장,삼척시,1993
강원,홍천군,북방공설운동장 축구장, 홍천군 ,2004
강원,홍천군,화촌면생활체육공원 축구장, 홍천군 ,2009
강원,홍천군,내면고원체육공원 축구장, 홍천군 ,2009
강원,홍천군,내촌면생활체육공원 축구장, 홍천군 ,2010
강원,홍천군,서석면생활체육공원 축구장, 홍천군 ,2003
강원,홍천군,남면생활체육공원 축구장, 홍천군 ,2013
강원,홍천군,동면생활체육공원 축구장, 홍천군 ,2013
강원,홍천군,서면공설운동장, 홍천군 ,2013
강원,홍천군,서면생활체육공원 축구장, 홍천군 ,2018
강원,홍천군,두촌면생활체육공원 축구장, 홍천군 ,2018
강원,횡성군,생활체육공원 축구장,횡성군,2006
강원,횡성군,우천생활체육공원 축구장,횡성군,2018
강원,횡성군,문화체육공원 축구장, 횡성군 ,2013
강원,영월군,스포츠파크 축구장, 영월군 ,2009
강원,평창군,국민체육센터인조잔디장, 평창군 ,2011
강원,평창군,진부체육공원 축구장, 평창군 ,2004
강원,평창군,용평체육공원 축구장, 평창군 ,2017
강원,평창군,대관령고원전지훈련장 축구장, 평창군 ,2018
강원,정선군,"정선종합경기장
보조경기장"," 정선군
시설관리공단 ",2011
강원,철원군,"공설운동장
보조경기장", 철원군체육회 ,2005
강원,철원군,"김화생활체육공원
축구장", 철원군체육회 ,2005
강원,철원군,"김화생활체육공원
인조잔디축구장", 철원군체육회 ,2008
강원,철원군,"오지리
인조잔디축구장", 철원군체육회 ,2016
강원,화천군,붕어섬 축구장, 화천군 ,2003
강원,화천군,원천인조축구장, 화천군 ,2005
강원,화천군,"생활체육공원
인조잔디구장", 화천군 ,2004
강원,화천군,"상서체육공원
인조구장", 화천군 ,2007
강원,화천군,거례 레포츠타운 축구장, 화천군 ,2017
강원,양구군,인조잔디축구장," 양구군
시설관리사업단 ",2003
강원,양구군,"종합운동장
보조구장"," 양구군
시설관리사업단 ",2002
강원,양구군,인조잔디축구장," 양구군
시설관리사업단 ",2005
강원,인제군," 기린생활체육공원
축구장 "," 인제군
(기린면행정복지센터) ",2009
강원,인제군," 상남생활체육공원
축구장 "," 인제군
(상남면행정복지센터) ",2012
강원,인제군, 남면생활체육공원 ," 인제군
(남면행정복지센터) ",2014
강원,인제군, 원통생활체육공원 ," 인제군
(북면행정복지센터) ",2009
강원,인제군, 인제잔디구장 , 인제군 ,2001
강원,인제군,서화생활체육공원,"인제군
(서화면행정복지센터)",2016
강원,고성군, 죽왕축구장 , 고성군 ,2007
강원,고성군, 토성공설운동장 , 고성군 ,2008
강원,고성군, 거진공설운동장 , 고성군 ,2008
강원,고성군, 현내축구장 , 고성군 ,2007
강원,고성군,고성종합운동장 보조구장, 고성군 ,2016
강원,양양군,양양잔디축구장, 양양군 ,2009
강원,양양군, 현북인조잔디운동장 , 양양군 ,2011
강원,양양군, 손양인조잔디운동장 , 양양군 ,2012
강원,양양군, 양양종합운동장 , 양양군 ,2016
 충북 ,청주시,"용정축구공원
축구장",청주시설관리공단,2009
 충북 ,청주시,가덕생활체육공원 축구장,청주시설관리공단,2012
 충북 ,청주시,강내생활체육공원 축구장,"청주시
(강내면)",2012
 충북 ,청주시,흥덕축구공원축구장,청주시설관리공단,2015
 충북 ,충주시,탄금 축구장,"위탁
(충주시축구협회)",2009
 충북 ,충주시,삼탄 잔디구장,"충주시
(산척면)",2003
 충북 ,충주시,"환경체육센터
(충주시클린에너지파크축구장)",충주시 시설관리공단,2010
 충북 ,충주시,수안보생활체육공원 축구장,"위탁
(충주시축구협회)",2011
 충북 ,충주시,"수안보생활체육공원 
다목적구장","위탁
(충주시축구협회)",2011
 충북 ,충주시,주덕 다목적구장,"충주시
(주덕읍)",2014
 충북 ,충주시,앙성생활체육공원 축구장,"충주시
(앙성면)",2014
 충북 ,제천시,제천시 축구센터,제천시,2008
 충북 ,제천시,제천시 축구센터,제천시,2008
 충북 ,제천시,봉양건강축구캠프장,"위탁
㈜엔에스씨",2011
 충북 ,보은군,인조잔디구장,"보은군
시설관리사업소",2008
 충북 ,보은군,인조잔디구장,"보은군
시설관리사업소",2008
 충북 ,보은군,구병산 천연잔디구장,"보은군
시설관리사업소",2011
 충북 ,보은군,스포츠파크 주경기장,보은군,2017
 충북 ,보은군,스포츠파크 다목적구장,보은군,2017
 충북 ,증평군,"증평시민공원
잔디구장",증평군,1998
 충북 ,증평군,증평 녹색다목적운동장,증평군,2011
 충북 ,진천군,"진천선수촌
옥외 육상장",선수촌관리팀,
 충북 ,진천군,"역사테마공원
축구장",진천군,2001
 충북 ,진천군,광혜원 운동장,광혜원공단,2014
 충북 ,진천군,혁신도시 유소년 축구장,진천군,2016
 충북 ,괴산군,"괴강관광지
축구장",괴산군,2009
 충북 ,음성군,삼성생활체육공원축구장,음성군,2011
 충북 ,음성군,대소생활체육공원축구장,음성군,2016
 충북 ,음성군,감곡생활체육공원축구장,음성군,2017
 충북 ,단양군,"매포생활체육공원
축구장",단양군,2006
 충북 ,단양군,"단성생활체육공원
축구장",단양군,2005
 충북 ,단양군,"대강생활체육공원
축구장",단양군,2005
 충북 ,단양군,"별곡지구 생활체육공원
축구장",단양군,2011
 충북 ,단양군,"적성체육공원
축구장",단양군,2015
충남,천안시,천안축구센터,천안시 시설관리공단,2008
충남,천안시,천안생활체육공원,천안시,2011
충남,아산시,"이순신종합운동장
보조구장",아산시,"2,008"
충남,아산시,"둔포하수종말처리장
축구장",아산시,"2,012"
충남,아산시,선장면 축구장,아산시,"2,014"
충남,아산시,탕정면 축구장,아산시,"2,016"
충남,서산시,"서산종합운동장
보조구장",서산시,"2,002"
충남,논산시,"연무체육공원
축구장","논산시
(연무읍)",2007
충남,계룡시,"계룡시종합운동장
보조경기장","계룡시
(공공시설사업소)",2009
충남,당진시,"종합운동장 내
보조경기장","당진시
(체육육성과)",2006
충남,당진시,"상록수공원 내
축구장","당진시
(산림녹지과)",2010
충남,금산군,"남부체육문화센타
축구장",금산군,2010
충남,부여군,구드래 천연잔디구장,"부여군
(공공시설사업소)",2012
충남,부여군,"부여종합운동장
보조경기장","부여군
(공공시설사업소)",2009
충남,홍성군,"홍주종합경기장
보조경기장",홍성군,2010
충남,홍성군,"광천생활체육공원
경기장",홍성군,2008
충남,예산군,"예산종합운동장
보조경기장",예산군,2006
충남,예산군,무한천체육공원 축구장1,예산군,2010
충남,예산군,무한천체육공원 축구장2,예산군,2018
충남,예산군,무한천둔치공원 축구장,예산군,2010
충남,태안군,태안종합운동징,태안군,2016
충남,서천군,서천종합운동장 보조경기장,서천군,2013
충남,태안군,남면 달산포 체육공원,태안군,2015
 전북 ,전주시,전주월드컵경기장,"전주시
시설관리공단",2001
 전북 ,전주시,"전주월드컵경기장
(보조경기장)","전주시
시설관리공단",2001
 전북 ,전주시,"전주덕진체련공원
축구장","전주시
시설관리공단",2004
 전북 ,전주시,"전주덕진체련공원
풋살경기장","전주시
시설관리공단","2007
2009"
 전북 ,전주시,"전주 아중체련공원
축구장","전주시
시설관리공단",2005
 전북 ,전주시,"전주 아중체련공원
풋살경기장","전주시
시설관리공단",2005
 전북 ,전주시,"전주종합운동장
축구장","전주시
시설관리공단",1980
 전북 ,전주시,"완산생활체육공원
축구장","전주시
시설관리공단",2008
 전북 ,전주시,"완산생활체육공원
유소년축구장","전주시
시설관리공단",2012
 전북 ,전주시,"솔내생활체육공원
축구장","전주시
시설관리공단",2017
 전북 ,전주시,고덕생활축구장,"전주시
시설관리공단",2017
 전북 ,전주시,히딩크드림필드Ⅳ호축구장,전라북도,2009
 전북 ,군산시,"어린이교통공원
축구장",군산시,2005
 전북 ,군산시,"금강공원
축구장",군산시,2008
 전북 ,군산시,"생말공원
축구장",군산시,2004
 전북 ,군산시,"수송공원
축구장",군산시,2008
 전북 ,군산시,"군산국민체육센터
축구장",군산시,2012
 전북 ,익산시,"영등시민공원
축구장",익산시,2008
 전북 ,익산시,"팔봉3호 근린공원
축구장","익산시
(산림공원과)",2007
 전북 ,익산시,"배산체육공원
축구장",익산시,2006
 전북 ,익산시,"함열 아사달공원
축구장",익산시,2009
 전북 ,익산시,"문화체육센터
축구장",익산시,2009
 전북 ,익산시,수도산 체육공원,익산시,2009
 전북 ,익산시,익산 축구공원 축구장,익산시,2010
 전북 ,익산시,용안 축구장(금강하천),익산시                                      (건설과),2012
 전북 ,익산시,중앙체육공원 풋살경기장,익산시,2002
 전북 ,익산시,영등시민공원 풋살경기장,익산시,2009
 전북 ,익산시,배산체육공원 풋살경기장,익산시,2006
 전북 ,익산시,수도산체육공원 풋살경기장,익산시,2009
 전북 ,익산시,함열 돌숲공원 풋살경기장,익산시                                          (도시공원과),2013
 전북 ,익산시,황등생활체육공원 풋살경기장,황등면사무소,2003
 전북 ,정읍시,신태인 인조잔디보조구장,정읍시,2008
 전북 ,정읍시,"공설운동장
축구장",정읍시,1991
 전북 ,정읍시,"정읍체육공원
축구장",정읍시,2006
 전북 ,정읍시,칠보 인조잔디축구장,정읍시,2010
 전북 ,정읍시,신태인잔디축구장,정읍시,2008
 전북 ,정읍시,"정읍 황토현수련원 
풋살경기장",정읍시,2009
 전북 ,정읍시,신태인풋살경기장,정읍시,2010
 전북 ,정읍시,"정읍 태산선비권역
풋살경기장",정읍시,2014
 전북 ,정읍시,"정읍체육공원 
풋살경기장",정읍시,2014
 전북 ,정읍시,신태인인조잔디구장,정읍시,2016
 전북 ,남원시,"남원문화체육센터
잔디운동장",남원시,1996
 전북 ,남원시,"왕정자연공원
축구장",공원관리센터,1989
 전북 ,남원시,운봉고원레포츠축구장,남원시,2011
 전북 ,김제시,풋살경기장,"위탁
(축구협회)",2007
 전북 ,김제시,"검산생활체육공원
축구장","위탁
(축구협회)",2008
 전북 ,김제시,시민체육공원족구장,"위탁
(축구협회)",2008
 전북 ,김제시,검산공원족구장,김제시,2015
 전북 ,완주군,완주군 공설운동장,"문화체육
시설관리사업소",2003
 전북 ,완주군,"고산생활체육공원
축구장",완주군,2005
 전북 ,완주군,"소양체련공원
축구장",완주군,2005
 전북 ,완주군,봉동 율소 축구장,완주군,2005
 전북 ,완주군,"모악산
다목적 운동장",산림공원사업소,2007
 전북 ,완주군,"완주산업단지 중앙공원
축구장",공단관리사무소,2008
 전북 ,완주군,"경천면 생활체육공원
축구장",완주군,2010
 전북 ,완주군,"운주면 생활체육공원
축구장",완주군,2010
 전북 ,완주군,동상면민운동장,완주군,2010
 전북 ,완주군,둔산공원축구장,공단관리사무소,2004
 전북 ,완주군,자연휴양림다목적운동장,산림공원사업소,1996
 전북 ,완주군,경천면 운동장축구장,경천면,1992
 전북 ,완주군,삼례수도산근린공원축구장,삼례읍,2011
 전북 ,완주군,봉동근린공원축구장,봉동읍,2011
 전북 ,완주군,화산생활체육공원축구장,화산면,2013
 전북 ,완주군,경천생활체육공원 풋살장,완주군,2010
 전북 ,완주군,봉동용암공원 풋살장,산업단지사무소,2014
 전북 ,완주군,구이덕천리 풋살장,완주군,2014
 전북 ,완주군,상관생활체육축구장,상관면,2016
 전북 ,완주군,비봉생활체육축구장,비봉면,2016
 전북 ,완주군,비봉생활체육풋살장,비봉면,2016
 전북 , 진안군 ,"상전수변체련공원
축구장",진안군,2004
 전북 , 진안군 ,"정천수변체련공원
축구장",진안군,2004
 전북 ,진안군,"안천수변체련공원
축구장",진안군,2004
 전북 ,진안군,"주천수변체련공원
축구장",진안군,2007
 전북 ,진안군,"성수체련공원
축구장",진안군,2008
 전북 ,진안군,"안천 소공원
축구장",진안군,2006
 전북 ,진안군,용담 축구장,진안군,2012
 전북 ,진안군,동향 체련공원 축구장,진안군,2013
 전북 ,진안군,마령 체련공원 축구장,진안군,2015
 전북 ,진안군,월랑공원 풋살장,진안군 시설공원사업소,2018
 전북 ,무주군,무주등나무운동장,"무주군 
시설사업소",1989
 전북 ,무주군,"면생활체육공원
(무풍축구장)",무주군,2009
 전북 ,무주군,"면생활체육공원
(설천축구장)",무주군,2009
 전북 ,무주군,"면생활체육공원
(적상축구장)",무주군,2009
 전북 ,무주군,"면생활체육공원
(안성축구장)",무주군,2009
 전북 ,무주군,"면생활체육공원
(부남축구장)",무주군,2008
 전북 ,장수군,월강축구장,장수군,2004
 전북 ,장수군,"장계체육공원
축구장",장수군,2014
 전북 ,장수군,"농공단지
축구장",장수군,2004
 전북 ,장수군,장수군풋살경기장,장수군,2011
 전북 ,장수군,"천천 체육공원
(천천 축구장)",장수군,2015
 전북 ,장수군,번암인조잔디축구장,장수군,2016
 전북 ,임실군,"임실군공설운동장
축구장","공공시설
관리사업소",2006
 전북 ,순창군,순창생활체육운동장,순창군,2004
 전북 ,순창군,"섬진강군민체육공원
축구장",순창군,1997
 전북 ,순창군,다목적풋살경기장,순창군,2013
 전북 ,고창군,생활축구경기장,체육청소년사업소,2011
 전북 ,부안군,스포츠파크 보조축구장,부안군,2009
 전북 ,부안군,줄포만 갯벌체험 축구장,부안군 해양수산과,2013
 전북 ,부안군,부안청림천문대 풋살장,새만금국제협력과,2011
 전북 ,부안군,스포츠파크 풋살장,문화체육시설사업소,2005
 전남 ,목포시,"북항환경관리소
축구장",북항환경관리소,2010
 전남 ,목포시,목포국제축구센터,목포시,2009
 전남 ,목포시,"목포국제축구센터
인조잔디구장 1",목포시,
 전남 ,목포시,"목포국제축구센터
인조잔디구장 2",목포시,
 전남 ,목포시,부주산 축구 인조잔디구장,체육시설관리과,2003
 전남 ,여수시,진남보조경기장,여수시,2001
 전남 ,여수시,진모 축구장 1,여수시,2009
 전남 ,여수시,진모 축구장 2,여수시,
 전남 ,여수시,진남 복합구장,여수시,2017
 전남 ,순천시,상하수 축구장 1,순천시,2004
 전남 ,순천시,팔마보조경기장,체육시설관리소,2006
 전남 ,순천시,"강천수변공원
경기장",서면사무소,2015
 전남 ,순천시,상사축구장,순천시,2010
 전남 ,순천시,조곡생활체육공원 축구장,순천시,2014
 전남 ,순천시,국가정원스포츠센터 축구장,순천시,2015
 전남 ,나주시,"둔치체육공원
축구장1",나주시,2009
 전남 ,나주시,종합운동장 보조축구장,나주시,2011
 전남 ,나주시,종합운동장축구장,나주시,2011
 전남 ,나주시,"빛가람혁신도시 
체육공원1호 축구장",나주시,2014
 전남 ,광양시,"광양공설운동장
축구전용1구장",광양시,2005
 전남 ,광양시,"광양공설운동장
축구전용2구장",광양시,2006
 전남 ,광양시,"환경사업소
축구장",광양시,2004
 전남 ,광양시,마동 축구전용 1구장,광양시,2009
 전남 ,광양시,마동 축구전용 2구장,광양시,2009
 전남 ,담양군,"백진공원
잔디구장",담양군,2006
 전남 ,담양군,추성경기장,담양군,2000
 전남 ,담양군,에코스포츠파크,담양군,2013
 전남 ,곡성군,곡성 다목적운동장,곡성군,2009
 전남 ,곡성군,동악체육공원,곡성군,213
 전남 ,곡성군,심청체육공원,곡성군,2012
 전남 ,곡성군,대황강체육공원,곡성군,2016
 전남 ,구례군,"구례 공설운동장
보조축구장",구례군,2008
 전남 ,고흥군,고흥 박지성공설운동장,고흥군,2001
 전남 ,고흥군,"고흥 생활체육공원
축구장",고흥군,2007
 전남 ,고흥군,"고흥 생활체육공원
축구장",고흥군,2012
 전남 ,고흥군,도양 김태영축구장,고흥군,2010
 전남 ,보성군,보성 공설운동장,보성군,1994
 전남 ,보성군,"벌교생태공원
축구장",보성군,2018
 전남 ,보성군,"복내체육공원
축구장",보성군,2010
 전남 ,화순군,화순보조경기장,화순군,2006
 전남 ,화순군,화순 인조잔디구장,화순군,2010
 전남 ,화순군,다지리 구장,화순군,2010
 전남 ,화순군,영벽정 구장,화순군,2009
 전남 ,장흥군,정남진리조트축구장,장흥군,2011
 전남 ,해남군,"우슬체육공원
축구장",해남군,2006
 전남 ,해남군,"해남도립공원
축구장",해남군,2010
 전남 ,해남군,우수영 축구장,해남군,2009
 전남 ,해남군,"황토나라테마촌
축구장",해남군,2010
 전남 ,강진군,축구전용경기장,강진군,"2005
(2007)"
 전남 ,무안군,"무안스포츠파크
축구장",무안군,2009
 전남 ,무안군,"무안스포츠파크
보조축구장",무안군,2014
 전남 ,무안군,해제축구장,무안군,2017
 전남 ,영암군,삼호천연잔디구장,"위탁
(삼호중공업)",2002
 전남 ,영암군,"삼호근린공원
축구장",영암군,"2002
(2011)"
 전남 ,영암군,종합운동장,영암군,1998
 전남 ,영암군,영암종합스포츠타운축구장,영암군,2013
 전남 ,함평군,함평 공설운동장,함평군,2002
 전남 ,함평군,함평 축구장,함평군,2011
 전남 ,영광군,"와탄천체육공원
축구장",영광군,2003
 전남 ,영광군,"종합운동장
(축구잔디구장)",영광군,2018
 전남 ,장성군,상무평화공원 축구장,장성군,2017
 전남 ,완도군,해신축구전용구장,완도군,2008
 전남 ,완도군,종합운동장,완도군,2003
 전남 ,완도군,축구전용구장,완도군,2005
 전남 ,완도군,축구보조구장,완도군,2004
 전남 ,진도군,"아리랑체육공원
(축구 보조구장)",진도군,2013
 전남 ,신안군,우전 운동장,신안군,2005
 전남 ,신안군,대광 운동장,신안군,2000
 전남 ,신안군,지도 운동장,신안군,2006
 전남 ,신안군,자은두모운동장,신안군,2006
 전남 ,신안군,안좌 해변운동장,신안군,2006
 전남 ,신안군,신안 축구장,신안군,2000
 전남 ,신안군,도초 종합운동장,신안군,2013
 전남 ,신안군,하의 종합운동장,신안군,2013
 전남 ,신안군,비금 대광축구장,신안군,2009
 전남 ,신안군,자은 둔장 운동장,신안군,2010
 전남 ,신안군,팔금 운동장,신안군,2014
 경북 ,포항시,인덕잔디구장,포항시,1985
 경북 ,포항시,흥해축구장,포항시,2004
 경북 ,포항시,기계면민운동장,포항시,1995
 경북 ,포항시,구룡포축구장,포항시,2008
 경북 ,포항시,연일읍민운동장,포항시,2012
 경북 ,포항시,오천읍민운동장,포항시,2010
 경북 ,포항시,동해면민운동장,포항시,2005
 경북 ,포항시,청림운동장,포항시,2012
 경북 ,포항시,생활체육운동장,포항시,2000
 경북 ,포항시,흥해옥성리운동장,포항시,2012
 경북 ,포항시,흥해곡강축구장,포항시,2012
 경북 ,포항시,양덕축구장,"위탁
(포항시축구협회)",2013
 경북 ,경주시,감포축구장,"감포하수종말
처리장",2003
 경북 ,경주시,"경주축구공원(1,2,3구장)",경주시,2004
 경북 ,경주시,알천축구장(1),경주시,1987
 경북 ,경주시,"알천축구장(2,3,5구장)",경주시,2004
 경북 ,경주시,경주축구공원(4구장),경주시,2005
 경북 ,경주시,경주축구공원(5.6구장),경주시,2007
 경북 ,경주시,"안강생활체육공원
축구장",경주시,2008
 경북 ,경주시,"내남생활체육공원
축구장",경주시,2009
 경북 ,경주시,"건천운동장
축구장",경주시,2009
 경북 ,김천시,"종합운동장
보조경기장",김천시,2006
 경북 ,안동시,"생활체육공원
축구장(1)",안동시,2014
 경북 ,안동시,"생활체육공원
축구장(2)",안동시,2011
 경북 ,안동시,"생활체육공원
축구장(3)",안동시,2011
 경북 ,안동시,"생활체육공원
축구장(4)",안동시,2011
 경북 ,안동시,임하댐 축구장,안동시,2008
 경북 ,구미시,동락공원 축구장,구미시,2010
 경북 ,구미시,환경자원화시설 축구장,구미시,2011
 경북 ,구미시,낙동강 체육공원,구미시,2012
 경북 ,구미시,시민운동장,구미시,1984
 경북 ,구미시, 보조경기장,구미시,2012
 경북 ,구미시,선산 뒷골 체육공원,구미시,2015
 경북 ,구미시,구포동 생활체육공원,구미시,2015
 경북 ,영주시,"시민운동장
보조경기장","영주시
(체육진흥과)",2007
 경북 ,영주시,광복공원축구장,"영주시
(체육진흥과)",2011
 경북 ,영천시,영천강변체육공원축구장(1),영천시,2008
 경북 ,영천시,영천강변체육공원축구장(2),영천시,2015
 경북 ,상주시,"상주시 생활체육공원
축구장",상주시,2009
 경북 ,상주시,상주 낙동강변 축구장,상주시,2017
 경북 ,문경시,"영강체육공원
축구장","위 탁
(문경시축구연합회)",2010
 경북 ,경산시,경산시민운동장,경산시,2009
 경북 ,군위군,"생활체육공원
축구장(1)",군위군,2012
 경북 ,군위군,"생활체육공원
축구장(2)",군위군,2006
 경북 ,청송군,"생활체육공원
축구장","문화체육시설
사업소",2007
 경북 ,영양군,"생활체육공원
축구장", 영양군 ,2013
 경북 ,영덕군,"영해생활체육공원
축구장",영덕군,2008
 경북 ,영덕군,해맞이축구장,영덕군,2007
 경북 ,영덕군,"강구 대게축구장(A,B)",영덕군,2011
 경북 ,고령군,"생활체육공원
축구장",고령군,2005
 경북 ,고령군,사문진생활체육공원,고령군,2011
 경북 ,고령군,사문진생활체육공원,고령군,2011
 경북 ,칠곡군,"인평공원
인조잔디축구장",칠곡군,2009
 경북 ,칠곡군,덕산체육공원,칠곡군,2015
 경북 ,칠곡군,석적체육공원,칠곡군,2003
 경북 ,예천군,예천축구장,예천군,2009
 경북 ,봉화군,춘양생활체육공원,봉화군,2015
 경북 ,봉화군,봉화인조잔디축구장,봉화군,2012
 경북 ,울진군,평해 남대천 축구장,울진군,2003
 경북 ,울진군,"울진종합운동장
인조잔디축구장",울진군,2007
 경북 ,울진군,"평해읍 생활체육공원 
인조잔디축구장", 울진군 ,2016
 경북 ,울진군,"후포생활체육공원
인조잔디축구장",울진군,2007
 경북 ,울진군,"죽변운동장
인조잔디운동장",울진군,2009
 경북 ,울진군,"백암다목적운동장
인조잔디축구장",울진군,2012
 경북 ,울진군,"백암다목적운동장
천연잔디축구장",울진군,2017
 경북 ,울진군,"연호생활체육공원
인조잔디축구장",울진군,2018
 경남 ,창원시,"창원종합사격장내
축구장",시설관리공단,1981
 경남 ,창원시,"창원종합운동장내
보조경기장",시설관리공단,1993
 경남 ,창원시,"창원축구센터 
주경기장",시설관리공단,2009
 경남 ,창원시,"창원축구센터 
보조경기장1",시설관리공단,2009
 경남 ,창원시,"창원축구센터 
보조경기장2",시설관리공단,2009
 경남 ,창원시,"창원축구센터 
보조경기장3",시설관리공단,2009
 경남 ,창원시,"창원축구센터 
보조경기장4",시설관리공단,2009
 경남 ,창원시,"창원축구센터 
하프돔",시설관리공단,2009
 경남 ,창원시,"마산종합운동장
보조경기장",시설관리공단,1980
 경남 ,창원시,내서운동장,창원시(내서읍),2010
 경남 ,창원시,동읍운동장,창원시(동읍),2012
 경남 ,창원시,북면공설운동장,창원시(북면),1995
 경남 ,창원시,팔용어울림운동장,창원시(팔용동),1988
 경남 ,창원시,웅남운동장,창원시(웅남동),2010
 경남 ,창원시,삼진운동장,창원시(진북면),1998
 경남 ,창원시,남양동 영길운동장,창원시,2002
 경남 ,창원시,풍호체육공원 축구장,창원시,1997
 경남 ,창원시,"이동 생활체육시설
축구장",창원시,2009
 경남 ,창원시,명서2주민운동장 축구장,창원시,2010
 경남 ,창원시,도계체육공원 축구장,창원시,2013
 경남 ,창원시,신월운동장 축구장,창원시,2010
 경남 ,창원시,대방체육공원 축구장,창원시,2011
 경남 ,창원시,소계체육공원 축구장,창원시,2011
 경남 ,창원시,소답주민운동장 축구장,창원시,2017
 경남 ,창원시,호계주민운동장 축구장,창원시,2018
 경남 ,진주시,"진주공설운동장
제1보조구장",진주시,95
 경남 ,진주시,"진주공설운동장
제2보조구장",진주시,69
 경남 ,진주시,모덕축구장,진주시,2005
 경남 ,진주시,진주스포츠파크,진주시,2008
 경남 ,진주시,"진주종합경기장
보조경기장",진주시,2010
 경남 ,통영시,"평림생활체육공원
축구장","위탁관리
(통영관광개발공사)",2006
 경남 ,통영시,미수소 운동장,통영시,1992
 경남 ,통영시,"용남생활체육공원
축구장","위탁관리
(통영관광개발공사)",2008
 경남 ,통영시,"통영산양스포츠파크
축구장","위탁관리
(통영관광개발공사)",2010
 경남 ,사천시,"남일대
인조잔디축구장",사천시,2007
 경남 ,사천시,삼천포 보조축구장,사천시,2009
 경남 ,사천시,사천 보조축구장,사천시,2010
 경남 ,사천시,곤명축구장,사천시,2011
 경남 ,사천시,곤양축구장,사천시,2017
 경남 ,사천시,정동축구장,사천시,2017
 경남 ,김해시,"안동체육공원
축구장",김해도시개발공사,2005
 경남 ,김해시,"장유체육공원
축구장",김해도시개발공사,2005
 경남 ,김해시,"어방체육공원
축구장",김해도시개발공사,2005
 경남 ,김해시,"상동운동장
축구장",상동면체육회,2009
 경남 ,김해시,화포천 체육공원 축구장,한림면체육회,2003
 경남 ,김해시,대동생태체육공원 축구장,대동면체육회,2013
 경남 ,김해시,임호체육공원 축구장,김해시도시개발공사,2015
 경남 ,밀양시,"밀양종합운동장
보조경기장","밀양시시설관리공단
(위탁)",2005
 경남 ,밀양시,무안축구장,환경관리과,2011
 경남 ,거제시,사등운동장,"위탁
(사등면체육회)",2007
 경남 ,거제시,고현 보조운동장,"위탁
(거제해양관광개발공사)",2006
 경남 ,거제시,거제스포츠파크 축구장1,"위탁
(거제해양관광개발공사)",2012
 경남 ,거제시,거제스포츠파크 축구장2,"위탁
(거제해양관광개발공사)",2012
 경남 ,양산시,"양산종합운동장
보조구장",시설관리공단,2002
 경남 ,양산시,서창 운동장,양산시 웅상출장소,2007
 경남 ,양산시,"수질정화공원
(제1구장)",시설관리공단,2007
 경남 ,양산시,"수질정화공원
(제2구장)",위탁(삼산조기회),2007
 경남 ,양산시,"하북체육공원
축구장",양산시,2009
 경남 ,양산시,웅상체육공원 축구장,양산시,2013
 경남 ,양산시,웅상생활체육공원 축구장,양산시,2014
 경남 ,양산시,"하북체육공원
축구장",양산시,2015
 경남 ,양산시,물금체육공원,양산시,2015
 경남 ,양산시,동면상동체육공원,양산시,2016
 경남 ,양산시,상북체육공원 축구장,양산시,2014
 경남 ,양산시,삼성체육공원 축구장,양산시,2015
 경남 ,양산시,황산공원 축구장,양산시,2016
 경남 ,양산시,어곡산업단지근린공원,양산시,2010
 경남 ,양산시,가산수변공원,양산시,2012
 경남 ,양산시,가야진사공원,양산시,2015
 경남 ,의령군,의령공설운동장,의령군,1991
 경남 ,의령군,"서동생활공원
다목적구장",의령군,2007
 경남 ,의령군,가례 공설운동장,의령군,2008
 경남 ,의령군,용덕 공설운동장,의령군,2009
 경남 ,의령군,정곡 공설운동장,의령군,1983
 경남 ,의령군,지정 공설운동장,의령군,1996
 경남 ,의령군,부림 공설운동장,의령군,2003
 경남 ,의령군,봉수 공설운동장,의령군,2011
 경남 ,의령군,대의 공설운동장,의령군,2013
 경남 ,의령군,화정 공설운동장,의령군,2013
 경남 ,함안군,칠서면운동장,함안군,
 경남 ,함안군,여항면운동장,함안군,
 경남 ,함안군,함안축구전용구장1,함안군,2014
 경남 ,함안군,함안축구전용구장2,함안군,2014
 경남 ,함안군,함안공설운동장,함안군,1999
 경남 ,함안군,함안면 운동장,함안군,1950
 경남 ,함안군,군북면 운동장,함안군,1966
 경남 ,함안군,칠북면 공설운동장,함안군,2003
 경남 ,함안군,칠원읍 공설운동장,함안군,1954
 경남 ,함안군,법수면 공설운동장,함안군,1994
 경남 ,함안군,산인면 공설운동장,함안군,
 경남 ,함안군,대산면 공설운동장,함안군,2004
 경남 ,함안군,"함안스포츠타운
축구장 1",함안군,2010
 경남 ,함안군,"함안스포츠타운
축구장 2",함안군,2010
 경남 ,함안군,"함안스포츠타운
축구장 3",함안군,2010
 경남 ,창녕군,"남지체육공원
축구장",창녕군,2002
 경남 ,창녕군,"부곡온천
축구장",창녕군,1999
 경남 ,창녕군,남지 축구장,창녕군,2008
 경남 ,창녕군,창녕스포츠파크,창녕군개발공사,2009
 경남 ,창녕군,창녕오리정운동장,창녕군,2012
 경남 ,창녕군,"유어 마수원지구 체육공원
축구장",창녕군,2013
 경남 ,창녕군,"이방 우산지구 체육공원
축구장",창녕군,2013
 경남 ,고성군,고성군 구 공설운동장,고성군,1965
 경남 ,고성군,"하이면 체육공원
축구장",고성군,2002
 경남 ,고성군,고성군 생활체육공원,고성군,2014
 경남 ,남해군,"남해스포츠파크
주경기장",체육시설사업소,2001
 경남 ,남해군,치자 구장,체육시설사업소,1999
 경남 ,남해군,비자 구장,체육시설사업소,1999
 경남 ,남해군,나비 구장,체육시설사업소,2001
 경남 ,남해군,바다 구장,체육시설사업소,2001
 경남 ,남해군,나비 인조구장,체육시설사업소,2003
 경남 ,남해군,다초 구장,체육시설사업소,2001
 경남 ,남해군,남면 공설운동장,체육시설사업소,2004
 경남 , 남해군 ,비자 인조구장,체육시설사업소,2005
 경남 , 남해군 ,미조 공설운동장,체육시설사업소,2009
 경남 , 남해군 ,"상주한려해상체육공원
축구장",체육시설사업소,2011
 경남 , 남해군 ,이동공설운동장,체육시설사업소,2012
 경남 ,남해군,창선생활체육공원,체육시설사업소,2012
 경남 ,하동군,"하동군공설운동장
보조구장","하동군
(문화체육과)",2006
 경남 ,하동군,양보생활체육공원,"하동군
(문화체육과)",2011
 경남 ,하동군,옥종다목적생활공원,"하동군
(문화체육과)",2011
 경남 ,하동군,청암생활체육공원,"하동군
(문화체육과)",2010
 경남 ,하동군,악양생활체육공원,"하동군
(문화체육과)",2015
 경남 ,하동군,진교민다리생활체육공원,"하동군
(문화체육과)",2012
 경남 ,하동군,고전생활체육공원,"하동군
(문화체육과)",2016
 경남 ,하동군,금성생활체육공원,"하동군
(문화체육과)",2006
 경남 ,산청군,산청공설운동장,산청군,1992
 경남 ,산청군,"삼장체육공원
축구장",산청군,2004
 경남 ,산청군,"생초체육공원
축구장",산청군,2009
 경남 ,산청군,"단성체육공원
축구장",산청군,2005
 경남 ,산청군, 산청 남부체육공원 축구장,산청군,2013
 경남 ,산청군,생초 제2축구장,산청군,2013
 경남 ,산청군,단성 묵곡 축구장,산청군,2010
 경남 ,산청군,오부 축구장,오부면 ,2015
 경남 ,산청군,덕산체육공원 축구장,산청군,2017
 경남 ,함양군,휴천공설운동장,함양군,2002
 경남 ,함양군,"함양종합운동장
축구장",함양군,1991
 경남 ,함양군,"함양생활체육공원
잔디구장",함양군,2008
 경남 ,함양군,"마천생활체육공원
잔디구장",함양군,2012
 경남 ,거창군,"거창종합운동장
축구장",거창군,2009
 경남 ,거창군,"거창스포츠파크
보조축구장",거창군,2009
 경남 ,거창군,"거창스포츠파크
다목적운동장",거창군,2014
 경남 ,합천군,"합천공설운동장
잔디축구장",공공시설사업소,1990
 경남 ,합천군,"군민체육공원
인조잔디 축구장(1)",공공시설사업소,2004
 경남 ,합천군,"군민체육공원
인조잔디 축구장(2)",공공시설사업소,2008
 경남 ,합천군,"군민체육공원
인조잔디 축구장(3)",공공시설사업소,2005
 경남 ,합천군,"군민체육공원
인조잔디 축구장(4)",공공시설사업소,2009
 경남 ,합천군,군민체육공원다목적잔디광장,공공시설사업소,2004
 경남 ,합천군,"봉산체육공원
축구장",공공시설사업소,2005
 경남 ,합천군,"율곡영전수변공원
축구장",율곡면,2000
 경남 ,합천군,초계 천연잔디 축구장,초계면,2007
 경남 ,합천군,"삼가체육공원
축구장",삼가면,2009
 경남 ,합천군,"대병체육공원
축구장",대병면,2018
 경남 ,합천군,"용주생활체육공원 
축구장",용주면,2008
 경남 ,합천군,"용주생활체육공원 
축구장",용주면,2010
 경남 ,합천군,"적중생활체육공원 
축구장",적중면,2010
 경남 ,합천군,가회생활체육공원,가회면,2014
제주,제주시,"노형 미리내공원
축구장","제주시
(위탁 제주시체육회)",2003
제주,제주시,"제주시생활체육공원
축구장","제주시
(위탁 제주시체육회)",2006
제주,제주시,한경 축구장,제주시(한경면),2006
제주,제주시,이호 축구장,"제주시
(위탁 제주시체육회)",2006
제주,제주시,외도 축구장,"제주시
(위탁 제주시체육회)",2006
제주,제주시,외도제2축구장,"제주시
(위탁 제주시체육회)",2017
제주,제주시,사라봉 축구장,"제주시
(위탁 제주시체육회)",2008
제주,제주시,우도 축구장,제주시(우도면),2008   2012
제주,제주시,애월 축구장,제주시(애월읍),2009
제주,제주시,삼양 축구장,"제주시
(위탁 제주시체육회)",2011
제주,서귀포시,제주월드컵경기장,"서귀포시
(체육진흥과)",2002
제주,서귀포시,시민축구장,"서귀포시
(체육진흥과)",2002
제주,서귀포시,중문단지 축구장,"서귀포시
(체육진흥과)",2002
제주,서귀포시,걸매 축구장,"서귀포시
(위탁 서귀포시체육회)",2004
제주,서귀포시,효돈축구공원,"서귀포시
(위탁 서귀포시체육회)",2007
제주,서귀포시,일출 고성운동장,"서귀포시
(성산읍)",2008
제주,서귀포시,"제주유나이티드
전용구장","서귀포시
(위탁 제주유나이티드Fc)",2009
제주,서귀포시,"제주공천포전지훈련센터
축구장","서귀포시
(체육진흥과)",2010
제주,서귀포시,"표선 생활체육
인조잔디구장","서귀포시
(표선면)",2007
제주,서귀포시,예래동체육공원,"서귀포시
(체육진흥과)",2018
제주,서귀포시,"표선 생활체육
인조잔디구장","서귀포시
(위탁 서귀포시체육회)",2015
